Balance,Name,Id
0,Account1,3fa85f64-5717-4562-b3fc-2c963f66afb7
100,Account2,3fa85f64-5717-4562-b3fc-2c963f66afb8
200,Account3,3fa85f64-5717-4562-b3fc-2c963f66afba
300,Account4,3fa85f64-5717-4562-b3fc-2c963f66afbb
400,Account5,3fa85f64-5717-4562-b3fc-2c963f66afbd
500,Account6,3fa85f64-5717-4562-b3fc-2c963f66afbe
600,Account7,3fa85f64-5717-4562-b3fc-2c963f66afc0
700,Account8,3fa85f64-5717-4562-b3fc-2c963f66afc1
800,Account9,3fa85f64-5717-4562-b3fc-2c963f66afc3
900,Account10,3fa85f64-5717-4562-b3fc-2c963f66afc4
